date,property_class_a,property_class_b,property_class_c,property_class_d,property_class_e,property_classes_abc,property_classes_de,hk_property_price_idx,property_class_a_remarks,property_class_b_remarks,property_class_c_remarks,property_class_d_remarks,property_class_e_remarks,property_classes_abc_remarks,property_classes_de_remarks,hk_property_price_remarks
1993-01-01,90.4000,81.3000,80.7000,74.2000,58.1000,85.5000,69.6000,84.4000,,,,,,,,
1993-02-01,90.5000,82.6000,81.3000,74.9000,62.2000,86.2000,71.3000,85.2000,,,,,,,,
1993-03-01,90.2000,83.9000,81.9000,75.4000,64.6000,86.7000,72.4000,85.7000,,,,,,,,
1993-04-01,92.5000,85.4000,83.7000,76.8000,66.2000,88.5000,73.9000,87.5000,,,,,,,,
1993-05-01,95.9000,88.6000,85.9000,80.5000,72.3000,91.6000,78.2000,90.7000,,,,,,,,
1993-06-01,98.3000,94.0000,91.4000,86.9000,76.3000,95.6000,84.0000,94.9000,,,,,,,,
1993-07-01,100.1000,98.0000,97.6000,90.6000,79.2000,98.9000,87.4000,98.1000,,,,,,,,
1993-08-01,101.0000,97.9000,96.1000,91.1000,76.8000,99.1000,87.1000,98.3000,,,,,,,,
1993-09-01,100.7000,96.2000,95.5000,88.7000,79.0000,98.1000,86.0000,97.3000,,,,,,,,
1993-10-01,97.8000,94.4000,95.6000,90.0000,83.2000,96.0000,88.1000,95.5000,,,,,,,,
1993-11-01,99.5000,97.3000,97.5000,92.9000,85.3000,98.3000,90.8000,97.8000,,,,,,,,
1993-12-01,102.2000,100.2000,100.3000,99.0000,92.4000,101.1000,97.2000,100.8000,,,,,,,,
1994-01-01,106.3000,108.6000,110.2000,106.6000,104.0000,107.8000,105.9000,107.7000,,,,,,,,
1994-02-01,109.9000,112.9000,113.3000,111.1000,108.3000,111.7000,110.3000,111.6000,,,,,,,,
1994-03-01,114.5000,122.9000,123.2000,119.7000,120.2000,119.4000,119.8000,119.4000,,,,,,,,
1994-04-01,116.9000,117.7000,123.8000,124.3000,120.5000,117.9000,123.3000,118.2000,,,,,,,,
1994-05-01,114.8000,115.8000,123.0000,115.4000,116.3000,116.0000,115.6000,116.0000,,,,,,,,
1994-06-01,114.1000,116.7000,122.8000,119.0000,112.8000,116.1000,117.3000,116.1000,,,,,,,,
1994-07-01,113.5000,113.0000,118.6000,116.7000,112.1000,113.7000,115.5000,113.8000,,,,,,,,
1994-08-01,116.7000,117.4000,122.7000,123.5000,115.6000,117.5000,121.4000,117.7000,,,,,,,,
1994-09-01,116.1000,115.6000,121.1000,117.0000,118.0000,116.3000,117.3000,116.3000,,,,,,,,
1994-10-01,116.5000,116.7000,118.4000,119.7000,115.1000,116.8000,118.5000,116.8000,,,,,,,,
1994-11-01,115.7000,114.1000,117.6000,117.7000,116.4000,115.1000,117.4000,115.2000,,,,,,,,
1994-12-01,110.2000,108.9000,114.5000,112.2000,118.4000,109.9000,113.8000,110.1000,,,,,,,,
1995-01-01,109.9000,109.9000,110.8000,111.0000,111.3000,110.0000,111.1000,110.0000,,,,,,,,
1995-02-01,113.9000,112.4000,109.8000,102.3000,99.5000,112.9000,101.6000,112.4000,,,,,Z,,,
1995-03-01,114.2000,112.9000,112.7000,108.9000,113.1000,113.5000,109.9000,113.3000,,,,,,,,
1995-04-01,114.7000,111.2000,112.0000,109.1000,113.6000,112.8000,110.1000,112.7000,,,,,,,,
1995-05-01,110.8000,109.4000,111.5000,109.8000,103.5000,110.2000,108.4000,110.1000,,,,,,,,
1995-06-01,110.4000,106.0000,108.8000,108.1000,108.7000,108.2000,108.2000,108.2000,,,,,,,,
1995-07-01,108.5000,105.0000,104.9000,103.2000,104.3000,106.5000,103.5000,106.4000,,,,,,,,
1995-08-01,108.0000,102.4000,105.4000,102.1000,101.3000,105.1000,101.9000,105.0000,,,,,,,,
1995-09-01,104.5000,99.6000,99.9000,98.9000,96.1000,101.8000,98.2000,101.6000,,,,,,,,
1995-10-01,103.5000,99.1000,98.9000,96.6000,96.2000,101.0000,96.5000,100.8000,,,,,,,,
1995-11-01,105.4000,102.0000,100.6000,99.7000,99.3000,103.3000,99.6000,103.2000,,,,,,,,
1995-12-01,106.3000,102.7000,102.9000,99.2000,94.0000,104.2000,98.0000,103.9000,,,,,,,,
1996-01-01,106.9000,104.7000,102.0000,100.2000,102.5000,105.4000,100.8000,105.2000,,,,,,,,
1996-02-01,109.1000,108.6000,107.2000,106.4000,104.5000,108.7000,105.9000,108.5000,,,,,,,,
1996-03-01,112.2000,114.5000,109.2000,107.6000,109.9000,113.1000,108.2000,112.8000,,,,,,,,
1996-04-01,112.1000,112.4000,110.9000,109.6000,113.4000,112.1000,110.6000,112.1000,,,,,,,,
1996-05-01,113.3000,113.5000,114.2000,111.7000,116.8000,113.5000,113.0000,113.5000,,,,,,,,
1996-06-01,114.7000,114.8000,117.1000,114.8000,116.3000,115.0000,115.2000,115.0000,,,,,,,,
1996-07-01,115.4000,114.0000,114.2000,115.0000,115.8000,114.6000,115.2000,114.6000,,,,,,,,
1996-08-01,116.8000,118.5000,116.4000,113.9000,115.6000,117.6000,114.3000,117.4000,,,,,,,,
1996-09-01,119.0000,117.7000,117.0000,118.7000,116.5000,118.2000,118.2000,118.2000,,,,,,,,
1996-10-01,122.4000,123.3000,124.0000,125.7000,124.1000,123.0000,125.3000,123.1000,,,,,,,,
1996-11-01,127.1000,128.2000,129.1000,130.0000,135.7000,127.8000,131.5000,128.0000,,,,,,,,
1996-12-01,132.5000,135.2000,136.5000,139.2000,140.2000,134.2000,139.5000,134.5000,,,,,,,,
1997-01-01,137.9000,143.6000,148.8000,156.1000,160.9000,141.7000,157.4000,142.7000,,,,,,,,
1997-02-01,151.1000,154.6000,160.6000,163.4000,164.2000,153.7000,163.6000,154.3000,,,,,,,,
1997-03-01,160.6000,162.4000,167.1000,163.1000,166.4000,162.1000,163.9000,162.2000,,,,,,,,
1997-04-01,154.5000,157.8000,162.1000,160.6000,159.5000,156.8000,160.3000,157.0000,,,,,,,,
1997-05-01,169.5000,173.7000,175.3000,175.0000,184.6000,172.0000,177.5000,172.3000,,,,,,,,
1997-06-01,171.0000,171.0000,177.7000,176.1000,179.6000,171.6000,177.0000,172.0000,,,,,,,,
1997-07-01,165.1000,166.7000,174.4000,171.9000,180.0000,166.7000,174.0000,167.2000,,,,,,,,
1997-08-01,168.8000,170.5000,180.2000,174.2000,185.0000,170.7000,177.0000,171.1000,,,,,,,,
1997-09-01,170.2000,169.1000,174.3000,174.4000,173.5000,170.1000,174.2000,170.3000,,,,,,,,
1997-10-01,171.1000,172.1000,178.7000,178.2000,198.2000,172.3000,183.4000,172.9000,,,,,,,,
1997-11-01,161.2000,157.0000,166.9000,173.1000,166.4000,159.8000,171.4000,160.5000,,,,,,,,
1997-12-01,155.4000,153.4000,160.0000,156.1000,156.3000,154.9000,156.2000,155.0000,,,,,,,,
1998-01-01,145.2000,141.0000,148.9000,147.4000,142.2000,143.6000,146.1000,143.7000,,,,,,,,
1998-02-01,138.5000,134.6000,136.2000,138.5000,135.7000,136.5000,137.8000,136.6000,,,,,,,,
1998-03-01,140.4000,137.9000,137.4000,137.6000,128.1000,139.0000,135.0000,138.7000,,,,,,,,
1998-04-01,135.5000,133.4000,136.3000,131.3000,126.6000,134.6000,130.0000,134.3000,,,,,,,,
1998-05-01,129.4000,126.2000,128.2000,125.2000,126.8000,127.8000,125.6000,127.6000,,,,,,,,
1998-06-01,114.0000,111.7000,110.0000,111.0000,118.0000,112.5000,112.9000,112.5000,,,,,,,,
1998-07-01,110.2000,105.9000,110.6000,105.9000,104.3000,108.1000,105.5000,108.0000,,,,,,,,
1998-08-01,106.3000,104.3000,102.1000,99.1000,98.5000,104.9000,98.9000,104.5000,,,,,,,,
1998-09-01,100.4000,96.8000,99.6000,102.1000,92.8000,98.5000,99.5000,98.5000,,,,,,,,
1998-10-01,96.6000,95.1000,95.2000,94.1000,96.3000,95.7000,94.7000,95.6000,,,,,,,,
1998-11-01,100.7000,100.4000,99.1000,101.2000,94.4000,100.4000,99.2000,100.3000,,,,,,,,
1998-12-01,105.0000,105.0000,103.5000,100.2000,104.5000,104.8000,101.5000,104.6000,,,,,,,,
1999-01-01,103.9000,103.9000,105.0000,102.0000,98.2000,104.0000,100.9000,103.8000,,,,,,,,
1999-02-01,103.0000,101.7000,102.8000,98.0000,97.5000,102.3000,97.8000,102.0000,,,,,,,,
1999-03-01,102.4000,102.2000,99.1000,99.6000,94.8000,102.0000,98.2000,101.7000,,,,,,,,
1999-04-01,102.7000,101.8000,101.4000,100.5000,101.7000,102.1000,100.9000,102.0000,,,,,,,,
1999-05-01,103.1000,103.1000,102.6000,100.7000,101.8000,103.1000,101.0000,102.9000,,,,,,,,
1999-06-01,103.3000,101.5000,101.8000,103.4000,102.2000,102.2000,103.0000,102.3000,,,,,,,,
1999-07-01,101.8000,101.4000,100.0000,105.3000,100.2000,101.4000,103.8000,101.6000,,,,,,,,
1999-08-01,99.3000,101.3000,100.5000,100.8000,103.2000,100.5000,101.5000,100.5000,,,,,,,,
1999-09-01,96.8000,97.0000,98.0000,99.7000,97.2000,97.0000,99.0000,97.1000,,,,,,,,
1999-10-01,95.5000,95.7000,96.5000,97.6000,99.1000,95.7000,98.0000,95.8000,,,,,,,,
1999-11-01,93.2000,94.5000,95.1000,95.1000,105.2000,94.0000,98.0000,94.3000,,,,,,,,
1999-12-01,94.9000,95.8000,97.1000,97.3000,99.0000,95.6000,97.8000,95.7000,,,,,,,,
2000-01-01,96.6000,97.5000,98.4000,98.8000,107.4000,97.2000,101.2000,97.5000,,,,,,,,
2000-02-01,96.2000,98.0000,98.2000,99.7000,102.0000,97.3000,100.3000,97.5000,,,,,,,,
2000-03-01,93.2000,95.8000,97.6000,99.7000,102.3000,95.0000,100.4000,95.3000,,,,,,,,
2000-04-01,92.4000,93.8000,96.8000,99.2000,101.2000,93.6000,99.7000,93.9000,,,,,,,,
2000-05-01,89.0000,89.9000,92.1000,99.1000,96.9000,89.8000,98.5000,90.3000,,,,,,,,
2000-06-01,84.5000,85.6000,89.5000,91.5000,95.3000,85.6000,92.5000,86.0000,,,,,,,,
2000-07-01,86.0000,86.2000,88.0000,90.3000,92.4000,86.3000,90.8000,86.6000,,,,,,,,
2000-08-01,86.0000,87.1000,88.1000,91.2000,95.7000,86.8000,92.4000,87.2000,,,,,,,,
2000-09-01,87.4000,88.0000,88.6000,92.3000,98.0000,87.8000,93.8000,88.2000,,,,,,,,
2000-10-01,86.5000,86.4000,88.1000,91.2000,98.4000,86.6000,93.1000,87.0000,,,,,,,,
2000-11-01,81.3000,84.1000,85.5000,89.3000,98.2000,83.2000,91.6000,83.7000,,,,,,,,
2000-12-01,80.2000,81.6000,83.7000,88.5000,96.5000,81.3000,90.6000,81.8000,,,,,,,,
2001-01-01,78.9000,80.5000,83.4000,88.4000,94.6000,80.2000,90.0000,80.7000,,,,,,,,
2001-02-01,78.7000,80.0000,83.0000,85.3000,91.3000,79.8000,86.9000,80.2000,,,,,,,,
2001-03-01,80.5000,82.3000,83.9000,87.2000,88.7000,81.8000,87.6000,82.1000,,,,,,,,
2001-04-01,81.9000,81.4000,84.6000,87.5000,90.0000,81.9000,88.2000,82.2000,,,,,,,,
2001-05-01,79.0000,80.5000,83.8000,83.4000,88.5000,80.2000,84.8000,80.5000,,,,,,,,
2001-06-01,78.7000,81.3000,85.3000,82.5000,88.8000,80.7000,84.1000,80.9000,,,,,,,,
2001-07-01,78.7000,80.5000,81.8000,83.0000,88.7000,79.9000,84.5000,80.2000,,,,,,,,
2001-08-01,76.7000,79.1000,78.8000,83.8000,89.9000,78.2000,85.4000,78.5000,,,,,,,,
2001-09-01,75.9000,77.5000,78.1000,81.1000,87.5000,76.9000,82.7000,77.2000,,,,,,,,
2001-10-01,72.7000,74.4000,75.7000,78.8000,80.9000,73.9000,79.3000,74.1000,,,,,,,,
2001-11-01,71.9000,74.0000,75.2000,78.5000,82.1000,73.3000,79.3000,73.6000,,,,,,,,
2001-12-01,72.3000,74.1000,75.5000,78.4000,82.5000,73.5000,79.4000,73.8000,,,,,,,,
2002-01-01,72.6000,74.5000,75.7000,78.2000,84.0000,73.9000,79.5000,74.1000,,,,,,,,
2002-02-01,73.4000,73.7000,74.3000,78.2000,86.2000,73.6000,80.0000,73.9000,,,,,,,,
2002-03-01,71.9000,73.6000,74.3000,78.0000,85.2000,73.0000,79.7000,73.3000,,,,,,,,
2002-04-01,70.4000,72.7000,74.3000,77.9000,84.9000,72.0000,79.5000,72.3000,,,,,,,,
2002-05-01,69.4000,73.7000,73.9000,77.7000,84.4000,72.1000,79.3000,72.4000,,,,,,,,
2002-06-01,69.4000,72.6000,74.3000,77.3000,83.2000,71.5000,78.7000,71.9000,,,,,,,,
2002-07-01,69.0000,71.4000,72.3000,77.2000,80.8000,70.6000,78.1000,70.9000,,,,,,,,
2002-08-01,66.9000,68.1000,70.6000,76.4000,79.2000,67.9000,77.1000,68.3000,,,,,,,,
2002-09-01,64.1000,67.5000,68.4000,75.3000,76.9000,66.3000,75.7000,66.7000,,,,,,,,
2002-10-01,64.0000,64.7000,68.7000,75.1000,77.2000,64.8000,75.6000,65.4000,,,,,,,,
2002-11-01,62.9000,64.9000,68.8000,75.1000,79.4000,64.5000,76.2000,65.1000,,,,,,,,
2002-12-01,62.7000,64.9000,67.0000,73.1000,80.5000,64.2000,75.1000,64.8000,,,,,,,,
2003-01-01,61.5000,63.4000,67.2000,72.6000,79.9000,63.0000,74.6000,63.6000,,,,,,,,
2003-02-01,61.0000,63.8000,66.5000,70.7000,75.7000,62.9000,72.1000,63.4000,,,,,,,,
2003-03-01,60.0000,60.6000,64.3000,68.8000,73.9000,60.7000,70.2000,61.2000,,,,,,,,
2003-04-01,59.4000,59.8000,64.1000,67.7000,72.6000,60.0000,69.1000,60.5000,,,,,,,,
2003-05-01,58.2000,59.3000,63.3000,67.6000,71.2000,59.2000,68.6000,59.7000,,,,,,,,
2003-06-01,57.3000,59.2000,62.6000,66.6000,71.7000,58.8000,68.1000,59.3000,,,,,,,,
2003-07-01,56.6000,58.3000,61.1000,64.9000,73.4000,57.9000,67.4000,58.4000,,,,,,,,
2003-08-01,56.8000,58.5000,60.8000,66.2000,73.7000,58.0000,68.4000,58.6000,,,,,,,,
2003-09-01,59.1000,60.2000,65.5000,70.5000,75.1000,60.3000,71.8000,60.9000,,,,,,,,
2003-10-01,61.3000,62.5000,68.6000,73.8000,80.4000,62.6000,75.7000,63.4000,,,,,,,,
2003-11-01,62.1000,63.6000,69.5000,74.3000,81.7000,63.6000,76.5000,64.3000,,,,,,,,
2003-12-01,63.2000,64.4000,70.0000,79.1000,85.6000,64.5000,81.1000,65.4000,,,,,,,,
2004-01-01,66.4000,68.8000,75.4000,81.1000,92.2000,68.5000,84.5000,69.5000,,,,,,,,
2004-02-01,69.2000,72.4000,81.5000,86.9000,96.2000,72.1000,89.7000,73.2000,,,,,,,,
2004-03-01,72.9000,77.1000,89.0000,96.0000,102.9000,76.7000,98.0000,78.1000,,,,,,,,
2004-04-01,73.4000,79.2000,89.3000,98.1000,101.7000,78.0000,99.2000,79.4000,,,,,,,,
2004-05-01,72.8000,76.4000,87.4000,96.0000,103.1000,76.2000,98.1000,77.5000,,,,,,,,
2004-06-01,69.7000,73.9000,83.2000,92.1000,106.3000,73.3000,96.2000,74.7000,,,,,,,,
2004-07-01,70.0000,74.0000,83.9000,93.4000,103.5000,73.5000,96.3000,74.9000,,,,,,,,
2004-08-01,73.1000,76.4000,87.8000,93.3000,104.1000,76.3000,96.4000,77.6000,,,,,,,,
2004-09-01,74.7000,80.5000,91.2000,100.3000,113.8000,79.4000,104.0000,80.9000,,,,,,,,
2004-10-01,77.6000,83.2000,95.8000,106.0000,117.1000,82.4000,109.0000,84.1000,,,,,,,,
2004-11-01,75.9000,81.6000,95.1000,106.8000,117.3000,80.9000,109.6000,82.7000,,,,,,,,
2004-12-01,76.4000,82.6000,94.1000,107.9000,120.8000,81.5000,111.2000,83.3000,,,,,,,,
2005-01-01,78.6000,84.5000,98.9000,112.7000,124.0000,83.8000,115.5000,85.7000,,,,,,,,
2005-02-01,81.6000,89.4000,102.1000,110.9000,127.0000,87.9000,114.8000,89.4000,,,,,,,,
2005-03-01,87.6000,94.0000,108.7000,118.7000,125.9000,93.1000,120.4000,94.6000,,,,,,,,
2005-04-01,88.5000,94.5000,110.2000,120.7000,134.8000,93.8000,124.0000,95.4000,,,,,,,,
2005-05-01,87.2000,95.0000,112.3000,119.4000,132.1000,93.8000,122.3000,95.3000,,,,,,,,
2005-06-01,85.9000,91.8000,108.4000,121.4000,131.2000,91.2000,123.7000,92.9000,,,,,,,,
2005-07-01,84.9000,92.2000,109.3000,122.4000,129.0000,91.1000,123.9000,92.8000,,,,,,,,
2005-08-01,86.3000,93.9000,106.5000,122.1000,131.3000,92.3000,124.2000,93.9000,,,,,,,,
2005-09-01,86.7000,93.3000,109.9000,121.6000,138.2000,92.4000,125.4000,94.0000,,,,,,,,
2005-10-01,85.8000,90.5000,107.1000,121.6000,135.9000,90.2000,124.7000,91.8000,,,,,,,,
2005-11-01,82.5000,87.5000,102.1000,118.8000,130.1000,86.9000,121.3000,88.5000,,,,,,,,
2005-12-01,83.7000,89.5000,103.6000,119.4000,135.6000,88.5000,123.0000,90.1000,,,,,,,,
2006-01-01,84.1000,90.7000,105.0000,117.5000,136.7000,89.4000,121.8000,90.8000,,,,,,,,
2006-02-01,84.3000,90.9000,106.0000,117.5000,138.5000,89.6000,122.2000,91.1000,,,,,,,,
2006-03-01,86.6000,91.8000,108.3000,119.0000,137.3000,91.2000,123.2000,92.6000,,,,,,,,
2006-04-01,86.6000,92.9000,109.8000,121.9000,138.8000,91.9000,125.9000,93.4000,,,,,,,,
2006-05-01,87.6000,93.1000,110.1000,124.6000,135.1000,92.4000,127.0000,94.0000,,,,,,,,
2006-06-01,86.0000,91.4000,107.8000,119.7000,140.3000,90.7000,124.5000,92.3000,,,,,,,,
2006-07-01,85.7000,91.2000,106.4000,117.8000,133.2000,90.4000,121.5000,91.9000,,,,,,,,
2006-08-01,87.3000,91.5000,106.8000,123.1000,140.8000,91.2000,127.3000,93.0000,,,,,,,,
2006-09-01,87.6000,91.8000,108.1000,121.5000,141.8000,91.6000,126.4000,93.3000,,,,,,,,
2006-10-01,87.3000,91.5000,108.1000,123.0000,135.3000,91.3000,126.0000,93.1000,,,,,,,,
2006-11-01,87.4000,91.1000,109.4000,122.8000,134.2000,91.3000,125.6000,93.0000,,,,,,,,
2006-12-01,88.4000,91.6000,109.8000,123.2000,139.2000,92.0000,127.2000,93.8000,,,,,,,,
2007-01-01,89.4000,93.4000,109.3000,125.5000,145.3000,93.3000,130.3000,95.2000,,,,,,,,
2007-02-01,91.0000,94.6000,111.5000,127.6000,144.6000,94.7000,131.8000,96.6000,,,,,,,,
2007-03-01,93.3000,95.4000,112.0000,128.1000,149.6000,96.0000,133.3000,97.9000,,,,,,,,
2007-04-01,94.1000,95.8000,114.1000,131.2000,152.5000,96.7000,136.4000,98.7000,,,,,,,,
2007-05-01,95.5000,97.9000,116.6000,131.5000,153.7000,98.6000,137.0000,100.5000,,,,,,,,
2007-06-01,96.6000,98.8000,117.1000,135.7000,156.1000,99.5000,140.7000,101.6000,,,,,,,,
2007-07-01,97.6000,100.2000,118.8000,136.1000,157.2000,100.8000,141.2000,102.8000,,,,,,,,
2007-08-01,98.9000,101.0000,120.1000,140.3000,164.9000,101.8000,146.3000,104.0000,,,,,,,,
2007-09-01,100.0000,102.4000,120.9000,142.4000,169.2000,103.1000,149.0000,105.3000,,,,,,,,
2007-10-01,103.6000,104.9000,125.0000,146.0000,177.2000,106.2000,153.6000,108.5000,,,,,,,,
2007-11-01,108.9000,108.8000,131.5000,152.6000,178.7000,110.9000,158.8000,113.3000,,,,,,,,
2007-12-01,112.8000,113.2000,138.7000,159.1000,188.5000,115.4000,165.9000,117.9000,,,,,,,,
2008-01-01,118.9000,118.2000,143.7000,164.2000,190.0000,120.8000,170.2000,123.2000,,,,,,,,
2008-02-01,121.7000,120.4000,146.5000,165.6000,192.5000,123.3000,171.8000,125.5000,,,,,,,,
2008-03-01,122.8000,121.0000,147.7000,167.1000,193.7000,124.1000,173.1000,126.4000,,,,,,,,
2008-04-01,121.3000,119.5000,143.3000,166.2000,194.2000,122.4000,172.5000,124.7000,,,,,,,,
2008-05-01,122.8000,121.3000,147.1000,167.0000,195.2000,124.2000,173.3000,126.4000,,,,,,,,
2008-06-01,123.2000,121.4000,147.9000,169.6000,197.3000,124.4000,175.7000,126.6000,,,,,,,,
2008-07-01,121.1000,120.6000,144.8000,162.9000,196.4000,122.9000,170.2000,124.9000,,,,,,,,
2008-08-01,119.4000,118.7000,142.9000,158.1000,195.1000,121.0000,166.2000,122.9000,,,,,,,,
2008-09-01,118.7000,118.0000,140.4000,157.7000,180.3000,120.2000,162.5000,121.9000,,,,,,,,
2008-10-01,112.6000,110.7000,127.6000,145.6000,166.6000,112.9000,150.0000,114.3000,,,,,,,,
2008-11-01,104.2000,101.6000,116.1000,131.2000,150.7000,103.8000,135.2000,104.9000,,,,,,,,
2008-12-01,104.0000,102.0000,113.8000,131.6000,151.5000,103.7000,135.8000,104.8000,,,,,,,,
2009-01-01,106.1000,104.0000,119.1000,134.2000,153.2000,106.0000,138.4000,107.1000,,,,,,,,
2009-02-01,106.8000,104.8000,118.4000,136.6000,157.7000,106.6000,141.3000,107.8000,,,,,,,,
2009-03-01,107.8000,106.5000,120.6000,136.8000,159.1000,108.1000,141.8000,109.2000,,,,,,,,
2009-04-01,112.7000,110.0000,125.4000,141.1000,160.7000,112.3000,145.4000,113.4000,,,,,,,,
2009-05-01,115.3000,113.4000,130.1000,144.3000,170.4000,115.5000,150.0000,116.7000,,,,,,,,
2009-06-01,119.9000,117.3000,135.0000,151.5000,175.4000,119.7000,157.3000,121.1000,,,,,,,,
2009-07-01,123.3000,119.8000,136.4000,158.2000,180.8000,122.5000,163.7000,124.1000,,,,,,,,
2009-08-01,126.4000,122.3000,143.4000,163.3000,189.3000,125.6000,169.7000,127.4000,,,,,,,,
2009-09-01,128.4000,125.1000,145.2000,168.1000,197.6000,128.0000,175.4000,129.9000,,,,,,,,
2009-10-01,130.8000,126.5000,147.7000,168.4000,194.3000,129.9000,174.8000,131.7000,,,,,,,,
2009-11-01,131.5000,127.0000,148.8000,168.8000,193.0000,130.5000,174.7000,132.3000,,,,,,,,
2009-12-01,134.2000,129.4000,150.6000,169.2000,194.2000,133.0000,175.2000,134.7000,,,,,,,,
2010-01-01,138.3000,132.6000,153.4000,175.6000,199.9000,136.5000,181.4000,138.3000,,,,,,,,
2010-02-01,141.4000,134.6000,155.5000,175.6000,205.3000,139.0000,182.6000,140.7000,,,,,,,,
2010-03-01,143.6000,137.2000,159.9000,184.1000,208.3000,141.6000,189.9000,143.4000,,,,,,,,
2010-04-01,147.2000,140.3000,163.5000,184.6000,209.5000,144.9000,190.5000,146.6000,,,,,,,,
2010-05-01,146.7000,139.7000,161.2000,182.6000,204.1000,144.2000,187.8000,145.8000,,,,,,,,
2010-06-01,148.0000,140.8000,162.2000,183.1000,208.7000,145.4000,188.9000,146.9000,,,,,,,,
2010-07-01,153.1000,144.7000,165.8000,188.3000,218.8000,149.7000,195.1000,151.3000,,,,,,,,
2010-08-01,156.9000,148.1000,170.6000,191.2000,220.5000,153.4000,197.6000,154.9000,,,,,,,,
2010-09-01,157.4000,149.6000,172.1000,194.8000,224.2000,154.5000,201.3000,156.1000,,,,,,,,
2010-10-01,163.2000,152.9000,174.1000,196.0000,225.8000,158.7000,202.6000,160.2000,,,,,,,,
2010-11-01,166.6000,156.6000,178.0000,197.8000,229.5000,162.3000,204.8000,163.7000,,,,,,,,
2010-12-01,167.0000,155.1000,177.7000,196.2000,225.7000,161.6000,202.7000,163.0000,,,,,,,,
2011-01-01,173.9000,161.7000,181.4000,205.2000,228.1000,168.1000,210.2000,169.5000,,,,,,,,
2011-02-01,181.4000,168.3000,189.7000,207.0000,230.2000,175.2000,212.1000,176.4000,,,,,,,,
2011-03-01,185.0000,171.1000,191.9000,210.6000,234.9000,178.3000,215.8000,179.5000,,,,,,,,
2011-04-01,189.3000,174.5000,194.0000,216.7000,242.4000,182.0000,222.2000,183.3000,,,,,,,,
2011-05-01,191.1000,177.4000,199.3000,219.8000,245.3000,184.6000,225.3000,185.9000,,,,,,,,
2011-06-01,193.5000,179.5000,200.7000,220.3000,257.0000,186.8000,228.4000,188.1000,,,,,,,,
2011-07-01,190.0000,177.3000,198.8000,218.5000,249.4000,184.1000,225.5000,185.5000,,,,,,,,
2011-08-01,189.8000,176.4000,195.1000,215.4000,241.0000,183.3000,221.2000,184.5000,,,,,,,,
2011-09-01,190.8000,177.7000,196.8000,212.1000,245.7000,184.5000,219.7000,185.6000,,,,,,,,
2011-10-01,189.2000,174.4000,194.7000,214.2000,243.1000,181.9000,220.9000,183.2000,,,,,,,,
2011-11-01,186.9000,174.4000,191.8000,211.1000,239.2000,180.7000,217.9000,182.0000,,,,,,,,
2011-12-01,186.5000,172.9000,191.6000,208.8000,243.8000,179.8000,217.2000,181.1000,,,,,,,,
2012-01-01,185.6000,171.9000,187.4000,200.8000,244.7000,178.6000,211.8000,179.8000,,,,,,,,
2012-02-01,191.3000,174.9000,190.5000,205.7000,244.6000,182.7000,215.4000,183.8000,,,,,,,,
2012-03-01,201.4000,182.6000,197.0000,211.4000,251.5000,191.2000,221.6000,192.2000,,,,,,,,
2012-04-01,207.9000,189.1000,201.5000,218.8000,256.6000,197.5000,228.2000,198.5000,,,,,,,,
2012-05-01,213.5000,192.9000,207.6000,224.9000,261.3000,202.1000,234.2000,203.2000,,,,,,,,
2012-06-01,215.4000,194.6000,209.8000,230.4000,262.4000,204.0000,238.3000,205.1000,,,,,,,,
2012-07-01,217.4000,195.0000,208.8000,231.8000,264.9000,204.9000,239.8000,206.1000,,,,,,,,
2012-08-01,223.1000,199.6000,212.7000,232.4000,265.7000,209.7000,240.4000,210.8000,,,,,,,,
2012-09-01,232.0000,206.1000,216.2000,235.5000,269.3000,216.8000,243.6000,217.8000,,,,,,,,
2012-10-01,239.3000,211.3000,221.4000,239.8000,270.5000,222.8000,246.9000,223.7000,,,,,,,,
2012-11-01,241.1000,213.9000,223.7000,240.0000,271.0000,225.1000,247.0000,225.9000,,,,,,,,
2012-12-01,242.8000,216.0000,223.8000,240.0000,268.4000,226.8000,246.4000,227.6000,,,,,,,,
2013-01-01,248.8000,220.6000,228.2000,242.5000,266.9000,231.9000,247.9000,232.5000,,,,,,,,
2013-02-01,257.0000,228.1000,234.2000,250.0000,270.4000,239.5000,254.5000,240.0000,,,,,,,,
2013-03-01,257.0000,228.1000,234.0000,245.2000,267.6000,239.5000,250.1000,239.9000,,,,,Z,,,
2013-04-01,256.6000,227.4000,233.4000,245.8000,269.2000,238.9000,250.9000,239.4000,,,,,Z,,,
2013-05-01,258.0000,228.8000,233.7000,246.6000,269.0000,240.4000,251.3000,240.8000,,,,,,,,
2013-06-01,261.5000,231.6000,232.1000,242.3000,267.4000,243.1000,247.7000,243.3000,,,,,,,,
2013-07-01,263.5000,233.1000,234.4000,244.6000,269.4000,244.9000,250.0000,245.1000,,,,,,,,
2013-08-01,265.0000,233.9000,235.4000,246.3000,269.0000,246.1000,251.3000,246.3000,,,,,Z,,,
2013-09-01,264.2000,232.6000,236.1000,245.0000,266.7000,245.3000,249.7000,245.5000,,,,,Z,,,
2013-10-01,264.3000,232.6000,233.7000,244.4000,265.3000,245.3000,249.1000,245.4000,,,,,,,,
2013-11-01,264.0000,232.2000,232.9000,243.1000,263.4000,244.9000,247.7000,245.0000,,,,,,,,
2013-12-01,263.9000,232.0000,233.7000,242.9000,264.3000,245.0000,247.8000,245.1000,,,,,,,,
2014-01-01,263.9000,231.1000,232.7000,242.4000,260.4000,244.7000,246.6000,244.7000,,,,,Z,,,
2014-02-01,263.8000,230.4000,231.1000,239.5000,259.7000,244.3000,244.5000,244.3000,,,,,,,,
2014-03-01,263.7000,229.6000,230.7000,238.9000,259.3000,243.7000,244.2000,243.7000,,,,,,,,
2014-04-01,264.9000,231.3000,231.1000,240.1000,261.1000,245.0000,245.8000,245.0000,,,,,,,,
2014-05-01,267.9000,233.8000,231.1000,241.7000,261.5000,247.4000,247.1000,247.4000,,,,,,,,
2014-06-01,271.2000,236.6000,233.8000,245.3000,263.9000,250.3000,250.3000,250.3000,,,,,,,,
2014-07-01,278.5000,242.9000,236.3000,246.5000,265.2000,256.6000,251.5000,256.4000,,,,,,,,
2014-08-01,283.6000,247.8000,240.7000,250.6000,265.2000,261.5000,254.5000,261.2000,,,,,,,,
2014-09-01,289.3000,253.1000,243.4000,253.5000,268.2000,266.7000,257.6000,266.3000,,,,,,,,
2014-10-01,294.4000,256.9000,246.9000,257.0000,269.1000,270.9000,260.2000,270.5000,,,,,,,,
2014-11-01,299.1000,260.4000,249.1000,257.9000,270.2000,274.7000,261.3000,274.1000,,,,,,,,
2014-12-01,304.0000,264.6000,251.6000,260.0000,272.9000,278.9000,263.6000,278.3000,,,,,,,,
2015-01-01,311.7000,270.7000,255.6000,263.5000,276.3000,285.3000,267.0000,284.6000,,,,,,,,
2015-02-01,318.9000,277.9000,261.2000,268.1000,279.3000,292.3000,271.1000,291.5000,,,,,,,,
2015-03-01,318.9000,277.9000,261.6000,268.3000,280.5000,292.3000,271.6000,291.5000,,,,,,,,
2015-04-01,326.1000,283.8000,264.4000,270.7000,283.4000,298.4000,274.1000,297.4000,,,,,,,,
2015-05-01,328.1000,285.0000,266.5000,271.9000,284.8000,299.9000,275.3000,298.8000,,,,,,,,
2015-06-01,331.0000,287.5000,269.1000,274.8000,288.0000,302.3000,278.3000,301.3000,,,,,,,,
2015-07-01,335.1000,290.0000,270.7000,275.4000,288.3000,305.3000,279.0000,304.1000,,,,,,,,
2015-08-01,337.1000,291.1000,272.1000,275.7000,290.1000,306.6000,279.7000,305.3000,,,,,,,,
2015-09-01,338.2000,291.5000,274.1000,276.8000,292.5000,307.3000,281.2000,306.1000,,,,,,,,
2015-10-01,334.5000,288.3000,270.9000,264.7000,286.9000,303.9000,271.0000,302.3000,,,,,,,,
2015-11-01,326.6000,278.6000,259.7000,264.0000,279.9000,294.7000,268.4000,293.4000,,,,,,,,
2015-12-01,314.0000,271.8000,258.5000,258.8000,271.1000,286.2000,262.2000,285.0000,,,,,,,,
2016-01-01,307.9000,266.0000,250.8000,258.3000,265.5000,280.1000,260.3000,279.0000,,,,,,,,
2016-02-01,299.9000,261.4000,249.3000,257.6000,264.1000,274.5000,259.5000,273.7000,,,,,Z,,,
2016-03-01,298.1000,258.4000,249.3000,255.7000,264.0000,272.1000,258.0000,271.4000,,,,,,,,
2016-04-01,300.8000,259.9000,251.1000,256.7000,266.3000,274.0000,259.4000,273.3000,,,,,,,,
2016-05-01,303.0000,262.8000,251.9000,259.7000,269.1000,276.5000,262.3000,275.8000,,,,,,,,
2016-06-01,303.5000,263.1000,252.1000,260.6000,269.9000,277.1000,263.1000,276.4000,,,,,,,,
2016-07-01,310.4000,268.2000,254.6000,262.8000,271.0000,282.5000,265.0000,281.7000,,,,,,,,
2016-08-01,316.8000,274.1000,258.2000,263.0000,275.2000,288.5000,265.9000,287.4000,,,,,,,,
2016-09-01,326.2000,282.8000,264.7000,270.8000,283.2000,297.2000,273.8000,296.2000,,,,,,,,
2016-10-01,335.3000,290.7000,272.0000,275.1000,288.7000,305.5000,278.2000,304.3000,,,,,,,,
2016-11-01,337.0000,293.2000,275.8000,277.1000,290.9000,307.9000,280.2000,306.7000,,,,,,,,
2016-12-01,338.4000,293.8000,275.3000,276.1000,293.2000,308.7000,280.0000,307.4000,,,,,,,,
2017-01-01,340.1000,296.6000,277.6000,277.2000,296.3000,311.0000,281.4000,309.7000,,,,,,,,
2017-02-01,344.9000,300.9000,280.6000,279.9000,298.5000,315.4000,284.1000,314.0000,,,,,,,,
2017-03-01,354.5000,306.5000,287.3000,282.7000,299.7000,322.8000,286.5000,321.2000,,,,,,,,
2017-04-01,365.5000,314.6000,292.0000,286.9000,300.6000,331.9000,290.1000,330.0000,,,,,,,,
2017-05-01,369.4000,318.1000,293.8000,292.2000,303.1000,335.5000,294.8000,333.6000,,,,,,,,
2017-06-01,370.9000,321.5000,296.1000,295.1000,303.7000,338.1000,297.2000,336.1000,,,,,,,,
2017-07-01,372.0000,322.8000,297.6000,295.1000,305.7000,339.5000,297.8000,337.5000,,,,,,,,
2017-08-01,375.5000,323.3000,301.2000,296.4000,310.1000,341.8000,300.0000,339.7000,,,,,,,,
2017-09-01,377.3000,323.3000,302.7000,297.2000,312.0000,342.9000,301.1000,340.8000,,,,,,,,
2017-10-01,379.5000,327.4000,306.8000,299.3000,310.5000,346.4000,302.3000,344.2000,,,,,,,,
2017-11-01,381.5000,330.5000,312.0000,305.1000,313.6000,349.2000,307.4000,347.2000,,,,,,,,
2017-12-01,388.9000,334.8000,314.5000,310.2000,319.3000,354.7000,312.6000,352.7000,,,,,,,,
2018-01-01,395.2000,340.1000,320.3000,314.7000,322.2000,360.5000,316.7000,358.4000,,,,,,,,
2018-02-01,402.3000,346.5000,322.4000,315.2000,324.6000,366.9000,317.7000,364.5000,,,,,,,,
2018-03-01,407.2000,353.1000,326.9000,315.3000,327.2000,372.6000,318.5000,370.0000,,,,,,,,
2018-04-01,415.1000,359.9000,333.1000,319.1000,327.3000,379.8000,321.3000,377.0000,,,,,,,,
2018-05-01,423.0000,364.8000,339.9000,325.5000,330.1000,386.2000,326.7000,383.4000,,,,,,,,
2018-06-01,431.9000,372.0000,346.4000,331.3000,333.4000,394.1000,331.8000,391.1000,,,,,,,,
2018-07-01,435.4000,376.5000,346.7000,332.3000,334.8000,397.8000,332.9000,394.8000,,,,,,,,
2018-08-01,436.8000,375.5000,345.8000,330.8000,334.2000,397.7000,331.7000,394.6000,,,,,,,,
2018-09-01,430.3000,372.2000,339.7000,322.7000,329.2000,392.7000,324.4000,389.4000,,,,,,,,
2018-10-01,418.7000,361.3000,331.4000,315.5000,319.3000,381.9000,316.5000,378.7000,,,,,,,,
2018-11-01,405.2000,349.4000,324.0000,309.7000,310.7000,369.8000,310.0000,366.8000,,,,,,,,
2018-12-01,397.8000,340.7000,319.5000,309.4000,309.2000,361.9000,309.3000,359.4000,,,,,Z,,,
2019-01-01,399.8000,342.2000,320.0000,312.7000,313.2000,363.4000,312.8000,361.0000,,,,,,,,
2019-02-01,407.8000,346.7000,326.0000,317.2000,314.4000,369.5000,316.4000,367.0000,,,,,Z,,,
2019-03-01,421.5000,358.3000,335.4000,324.4000,317.0000,381.4000,322.3000,378.7000,,,,,,,,
2019-04-01,437.5000,371.4000,346.1000,336.7000,318.8000,395.2000,331.8000,392.3000,,,,,,,,
2019-05-01,439.7000,377.9000,351.8000,341.5000,322.5000,399.9000,336.4000,396.9000,,,,,,,,
2019-06-01,436.1000,375.9000,344.1000,337.5000,318.2000,396.8000,332.1000,393.7000,,,,,,,,
2019-07-01,435.3000,375.8000,345.0000,338.2000,319.6000,396.5000,333.1000,393.5000,,,,,,,,
2019-08-01,432.3000,368.2000,342.2000,336.4000,311.1000,391.1000,329.6000,388.2000,,,,,Z,,,
2019-09-01,426.5000,359.9000,335.6000,331.4000,301.1000,384.1000,323.3000,381.4000,,,,,Z,,,
2019-10-01,421.2000,358.5000,331.3000,328.2000,294.3000,380.8000,319.5000,378.2000,,,,,Z,,,
2019-11-01,429.7000,366.0000,332.6000,330.0000,296.6000,388.0000,321.7000,385.3000,,,,,Z,,,
2019-12-01,420.3000,362.3000,329.6000,319.9000,293.3000,382.0000,313.2000,379.2000,,,,,Z,,,
2020-01-01,422.1000,362.2000,325.2000,323.2000,301.0000,382.3000,317.6000,379.7000,,,,,,,,
2020-02-01,413.7000,357.2000,320.1000,315.5000,305.6000,375.9000,313.0000,373.4000,,,,,Z,,,
2020-03-01,420.4000,360.4000,326.3000,312.6000,311.4000,381.1000,312.3000,378.4000,,,,,,,,
2020-04-01,417.5000,360.3000,326.1000,310.5000,309.6000,379.9000,310.3000,377.5000,,,,,Z,,,
2020-05-01,428.9000,367.6000,331.2000,319.2000,311.3000,388.5000,317.4000,386.1000,,,,,,,,
2020-06-01,429.2000,368.3000,332.7000,326.2000,317.3000,388.9000,324.3000,386.7000,,,,,,,,
2020-07-01,427.5000,368.2000,332.3000,320.9000,318.3000,387.7000,320.4000,385.4000,,,,,,,,
2020-08-01,423.9000,365.6000,327.2000,320.6000,314.3000,384.2000,319.3000,382.0000,,,,,,,,
2020-09-01,425.2000,367.1000,330.2000,316.3000,305.3000,385.5000,314.0000,383.1000,,,,,,,,
2020-10-01,423.9000,365.5000,329.8000,311.5000,300.3000,383.9000,309.0000,381.3000,,,,,,,,
2020-11-01,423.0000,365.4000,328.2000,311.6000,306.4000,383.2000,310.5000,380.6000,,,,,,,,
2020-12-01,422.6000,364.1000,329.1000,319.5000,313.7000,382.3000,318.2000,379.9000,,,,,,,,
2021-01-01,424.3000,366.3000,334.0000,313.5000,311.0000,384.5000,312.9000,381.9000,,,,,,,,
2021-02-01,427.8000,368.9000,336.6000,323.2000,320.7000,387.3000,322.6000,384.9000,,,,,,,,
2021-03-01,434.9000,373.2000,340.9000,325.9000,328.0000,392.1000,326.4000,389.6000,,,,,,,,
2021-04-01,434.6000,376.0000,341.8000,330.6000,326.0000,393.4000,329.5000,391.0000,,,,,,,,
2021-05-01,439.1000,378.7000,346.2000,330.9000,324.6000,396.6000,329.4000,393.9000,,,,,,,,
2021-06-01,435.0000,381.2000,347.9000,332.4000,323.1000,396.6000,330.2000,394.0000,,,,,,,,
2021-07-01,439.2000,385.6000,350.7000,331.0000,322.7000,400.8000,329.0000,398.0000,,,,,,,,
2021-08-01,442.4000,383.7000,343.9000,336.0000,322.3000,400.2000,332.8000,397.5000,,,,,,,,
2021-09-01,443.8000,382.7000,350.2000,342.7000,315.5000,400.7000,336.2000,398.1000,,,,,,,,
2021-10-01,440.9000,381.2000,346.5000,342.8000,317.7000,398.5000,336.9000,396.0000,,,,,,,,
2021-11-01,437.1000,379.7000,343.4000,337.1000,311.3000,396.2000,330.8000,393.6000,,,,,,,,
2021-12-01,434.9000,381.3000,346.0000,331.7000,307.6000,396.7000,326.0000,393.9000,,,,,,,,
2022-01-01,433.8000,377.4000,342.5000,326.0000,306.9000,393.8000,321.6000,390.8000,,,,,,,,
2022-02-01,423.1000,371.9000,337.8000,317.6000,303.5000,386.6000,314.4000,383.6000,,,,,,,,
2022-03-01,420.1000,370.6000,335.3000,310.1000,301.2000,384.6000,308.0000,381.4000,,,,,Z,,,
2022-04-01,425.5000,372.7000,340.9000,316.6000,305.6000,388.0000,314.1000,385.0000,,,,,,,,
2022-05-01,426.5000,371.8000,343.6000,322.1000,310.8000,388.2000,319.7000,385.5000,,,,,Z,,,
2022-06-01,419.0000,371.1000,338.5000,316.9000,306.5000,384.6000,314.7000,381.8000,,,,,Z,,,
2022-07-01,414.3000,364.4000,336.3000,318.6000,301.8000,379.0000,315.1000,376.5000,,,,,Z,,,
2022-08-01,405.3000,356.2000,328.5000,315.0000,294.7000,370.6000,310.8000,368.2000,,,,,Z,,,
2022-09-01,396.3000,347.9000,324.7000,313.8000,296.6000,362.4000,310.4000,360.3000,,,,,Z,,,
2022-10-01,385.2000,337.3000,317.9000,311.2000,295.7000,351.9000,308.2000,350.2000,,,,,Z,,,
2022-11-01,372.5000,325.4000,307.0000,305.7000,293.8000,339.6000,303.5000,338.2000,,,,,Z,,,
2022-12-01,368.9000,322.0000,304.9000,301.7000,300.2000,335.9000,301.4000,334.7000,,,,,Z,,,
2023-01-01,370.9000,326.9000,309.2000,303.8000,301.2000,339.6000,303.3000,338.3000,,,,,,,,
2023-02-01,380.4000,335.4000,316.8000,305.8000,305.4000,348.3000,305.7000,346.8000,,,,,Z,,,
2023-03-01,384.6000,341.7000,321.7000,310.2000,307.8000,353.7000,309.8000,352.3000,,,,,,,,
2023-04-01,387.8000,343.1000,321.8000,314.9000,311.4000,355.7000,314.3000,354.2000,,,,,Z,,,
2023-05-01,382.2000,340.4000,318.0000,308.8000,308.2000,351.9000,308.7000,350.4000,,,,,Z,,,
2023-06-01,379.1000,337.2000,316.2000,304.9000,301.9000,349.0000,304.4000,347.3000,,,,,,,,
2023-07-01,372.1000,335.4000,314.8000,304.3000,296.5000,345.5000,302.9000,344.0000,,,,,Z,,,
2023-08-01,364.1000,328.2000,312.4000,297.8000,293.9000,338.4000,297.1000,337.0000,,,,,Z,,,
2023-09-01,355.2000,320.7000,306.0000,292.4000,291.0000,330.5000,292.1000,329.1000,,,,,Z,,,
2023-10-01,346.9000,314.2000,298.6000,286.4000,288.0000,323.3000,286.7000,322.0000,,,,,Z,,,
2023-11-01,340.0000,307.7000,293.8000,281.5000,284.4000,316.9000,282.1000,315.6000,,,,,Z,,,
2023-12-01,336.8000,302.5000,290.1000,280.3000,281.1000,312.6000,280.5000,311.3000,,,,,,,,
2024-01-01,330.7000,299.6000,285.7000,278.0000,277.8000,308.6000,278.0000,307.3000,,,,,Z,,,
2024-02-01,324.9000,294.4000,285.2000,273.8000,276.0000,303.7000,274.2000,302.4000,,,,,Z,,,
2024-03-01,330.5000,300.1000,288.7000,278.9000,278.4000,309.4000,278.8000,308.1000,,,,,,,,
2024-04-01,331.5000,301.6000,292.4000,282.7000,280.3000,311.0000,282.2000,309.6000,,,,,,,,
2024-05-01,326.0000,297.8000,290.5000,279.9000,274.6000,306.8000,278.8000,305.5000,,,,,,,,
2024-06-01,322.9000,294.5000,288.2000,279.1000,272.4000,303.7000,277.7000,302.5000,,,,,,,,
2024-07-01,316.4000,290.9000,282.4000,275.2000,268.8000,298.9000,273.7000,297.6000,,,,,,,,
2024-08-01,310.5000,285.2000,276.8000,270.3000,264.4000,293.2000,269.0000,292.0000,,,,,,,,
2024-09-01,307.9000,280.3000,272.2000,265.4000,262.1000,289.2000,264.7000,287.9000,,,,,,,,
2024-10-01,309.2000,284.9000,274.0000,267.6000,262.3000,292.3000,266.4000,291.0000,,,,,,,,
2024-11-01,309.3000,285.3000,276.2000,268.7000,263.5000,292.8000,267.5000,291.5000,,,,,,,,
2024-12-01,305.6000,283.4000,275.9000,268.6000,261.2000,290.4000,266.9000,289.2000,,,,,,,,
2025-01-01,305.6000,280.7000,272.2000,264.7000,257.2000,288.6000,262.9000,287.2000,,,,,,,,
2025-02-01,304.8000,278.7000,269.0000,263.1000,257.0000,287.0000,261.7000,285.6000,,,,,,,,
2025-03-01,304.8000,277.8000,268.8000,261.8000,255.2000,286.4000,260.2000,284.9000,,,,,,,,
2025-04-01,306.4000,279.4000,269.7000,263.4000,256.1000,288.0000,261.6000,286.5000,,,,,,,,
2025-05-01,306.4000,279.4000,269.7000,263.3000,255.8000,288.0000,261.4000,286.5000,,,,,,,,
2025-06-01,306.5000,279.4000,269.9000,263.4000,258.0000,288.2000,262.0000,286.7000,,,,,,,,
2025-07-01,307.7000,280.9000,272.2000,263.7000,258.9000,289.7000,262.5000,288.1000,,,,,,,,
2025-08-01,309.0000,281.1000,272.5000,264.4000,259.9000,290.3000,263.3000,288.8000,,,,,,,,
2025-09-01,314.0000,286.4000,274.1000,267.4000,262.6000,295.1000,266.2000,293.4000,,,,,,,,
2025-10-01,315.8000,286.6000,279.0000,270.8000,266.3000,296.5000,269.7000,294.9000,,,,,,,,
2025-11-01,317.9000,291.8000,284.0000,271.0000,266.8000,300.5000,270.0000,298.7000,,,,,,,,
2025-12-01,317.9000,293.0000,286.1000,271.2000,269.4000,301.4000,270.8000,299.6000,,,,,,,,
2026-01-01,320.6000,296.7000,290.3000,274.9000,269.6000,304.8000,273.6000,303.0000,P,P,P,P,P,P,P,P
2026-02-01,326.4000,302.6000,294.2000,278.9000,272.2000,310.4000,277.2000,308.5000,P,P,P,P,P,P,P,P
2026-03-01,331.1000,306.9000,297.6000,281.4000,274.8000,314.8000,279.8000,312.8000,P,P,P,P,P,P,P,P
